{
  "baseline_models": {
    "logistic_regression": {
      "model_type": "logistic",
      "metrics": {
        "accuracy": 0.9995252513821533,
        "f1_score": 0.9974416944312232,
        "roc_auc": 0.9994947026036847
      },
      "cv_metrics": {
        "cv_f1_mean": 0.9970633826888525,
        "cv_f1_std": 0.0016194484166888875,
        "cv_f1_scores": [
          0.9987976665825528,
          0.996011548650177,
          0.9991978132984729,
          0.9961426762975649,
          0.9951672086154948
        ]
      },
      "feature_importance": null,
      "mlflow_run_id": "be19c4f525a84591a9f15a63ad1c9d2d"
    },
    "random_forest": {
      "model_type": "random_forest",
      "metrics": {
        "accuracy": 0.9997957476876707,
        "f1_score": 0.9989003804089396,
        "roc_auc": 0.9999539089276194
      },
      "cv_metrics": {
        "cv_f1_mean": 0.9962974632968887,
        "cv_f1_std": 0.0013026525101758775,
        "cv_f1_scores": [
          0.9987977379662476,
          0.9959819036847432,
          0.9953828395536745,
          0.9961576266642838,
          0.9951672086154948
        ]
      },
      "feature_importance": null,
      "mlflow_run_id": "75ac39c3e67c4febb4b1a71992e05304"
    }
  },
  "neural_network": {
    "model_type": "MLP",
    "metrics": {
      "accuracy": 0.999525249004364,
      "f1_score": 0.9974416944312232,
      "roc_auc": 0.9997849098045221
    },
    "architecture": [
      128,
      64,
      32
    ],
    "mlflow_run_id": "0a5569ae266d477aa829b136a2dc637c",
    "training_plot": "/Users/xero/Desktop/u/tdsp/data/temp_artifacts/neural_network_training_history.png"
  },
  "evaluation_results": {
    "logistic_regression": {
      "model_name": "logistic_regression",
      "metrics": {
        "accuracy": 0.9994573509895754,
        "precision": 0.999343882900992,
        "recall": 0.9948164069922097,
        "f1_score": 0.9970750054304325,
        "roc_auc": 0.9994104981291478,
        "average_precision": 0.997678024125767
      },
      "classification_report": {
        "0": {
          "precision": 0.9994689235085602,
          "recall": 0.999933052070882,
          "f1-score": 0.9997009339197828,
          "support": 1643068.0
        },
        "1": {
          "precision": 0.999343882900992,
          "recall": 0.9948164069922097,
          "f1-score": 0.9970750054304325,
          "support": 168416.0
        },
        "accuracy": 0.9994573509895754,
        "macro avg": {
          "precision": 0.999406403204776,
          "recall": 0.9973747295315458,
          "f1-score": 0.9983879696751077,
          "support": 1811484.0
        },
        "weighted avg": {
          "precision": 0.9994572983222686,
          "recall": 0.9994573509895754,
          "f1-score": 0.9994567979669053,
          "support": 1811484.0
        }
      },
      "confusion_matrix": [
        [
          1642958,
          110
        ],
        [
          873,
          167543
        ]
      ],
      "plots": {
        "confusion_matrix": "/Users/xero/Desktop/u/tdsp/docs/modeling/plots/logistic_regression_confusion_matrix.png",
        "roc_curve": "/Users/xero/Desktop/u/tdsp/docs/modeling/plots/logistic_regression_roc_curve.png",
        "precision_recall_curve": "/Users/xero/Desktop/u/tdsp/docs/modeling/plots/logistic_regression_precision_recall_curve.png"
      }
    },
    "random_forest": {
      "model_name": "random_forest",
      "metrics": {
        "accuracy": 0.9999591495149833,
        "precision": 0.9999881197058439,
        "recall": 0.9995724871746152,
        "f1_score": 0.999780260243139,
        "roc_auc": 0.9999909285916699,
        "average_precision": 0.9999826323976893
      },
      "classification_report": {
        "0": {
          "precision": 0.9999561814041182,
          "recall": 0.9999987827649252,
          "f1-score": 0.9999774816307925,
          "support": 1643068.0
        },
        "1": {
          "precision": 0.9999881197058439,
          "recall": 0.9995724871746152,
          "f1-score": 0.999780260243139,
          "support": 168416.0
        },
        "accuracy": 0.9999591495149833,
        "macro avg": {
          "precision": 0.999972150554981,
          "recall": 0.9997856349697702,
          "f1-score": 0.9998788709369657,
          "support": 1811484.0
        },
        "weighted avg": {
          "precision": 0.9999591507491544,
          "recall": 0.9999591495149833,
          "f1-score": 0.9999591457044342,
          "support": 1811484.0
        }
      },
      "confusion_matrix": [
        [
          1643066,
          2
        ],
        [
          72,
          168344
        ]
      ],
      "plots": {
        "confusion_matrix": "/Users/xero/Desktop/u/tdsp/docs/modeling/plots/random_forest_confusion_matrix.png",
        "roc_curve": "/Users/xero/Desktop/u/tdsp/docs/modeling/plots/random_forest_roc_curve.png",
        "precision_recall_curve": "/Users/xero/Desktop/u/tdsp/docs/modeling/plots/random_forest_precision_recall_curve.png"
      }
    },
    "neural_network": {
      "model_name": "neural_network",
      "metrics": {
        "accuracy": 0.999456798955994,
        "precision": 0.9993438789874264,
        "recall": 0.9948104693140795,
        "f1_score": 0.9970720211385791,
        "roc_auc": 0.9997664826866105,
        "average_precision": 0.9989386584552711
      },
      "classification_report": {
        "0": {
          "precision": 0.9994683154969608,
          "recall": 0.999933052070882,
          "f1-score": 0.9997006297727342,
          "support": 1643068.0
        },
        "1": {
          "precision": 0.9993438789874264,
          "recall": 0.9948104693140795,
          "f1-score": 0.9970720211385791,
          "support": 168416.0
        },
        "accuracy": 0.999456798955994,
        "macro avg": {
          "precision": 0.9994060972421936,
          "recall": 0.9973717606924808,
          "f1-score": 0.9983863254556566,
          "support": 1811484.0
        },
        "weighted avg": {
          "precision": 0.9994567464744413,
          "recall": 0.999456798955994,
          "f1-score": 0.9994562446433432,
          "support": 1811484.0
        }
      },
      "confusion_matrix": [
        [
          1642958,
          110
        ],
        [
          874,
          167542
        ]
      ],
      "plots": {
        "confusion_matrix": "/Users/xero/Desktop/u/tdsp/docs/modeling/plots/neural_network_confusion_matrix.png",
        "roc_curve": "/Users/xero/Desktop/u/tdsp/docs/modeling/plots/neural_network_roc_curve.png",
        "precision_recall_curve": "/Users/xero/Desktop/u/tdsp/docs/modeling/plots/neural_network_precision_recall_curve.png"
      }
    }
  },
  "model_comparison": [
    {
      "Modelo": "random_forest",
      "Accuracy": 0.9999591495149833,
      "Precision": 0.9999881197058439,
      "Recall": 0.9995724871746152,
      "F1-Score": 0.999780260243139,
      "ROC-AUC": 0.9999909285916699,
      "Average Precision": 0.9999826323976893
    },
    {
      "Modelo": "logistic_regression",
      "Accuracy": 0.9994573509895754,
      "Precision": 0.999343882900992,
      "Recall": 0.9948164069922097,
      "F1-Score": 0.9970750054304325,
      "ROC-AUC": 0.9994104981291478,
      "Average Precision": 0.997678024125767
    },
    {
      "Modelo": "neural_network",
      "Accuracy": 0.999456798955994,
      "Precision": 0.9993438789874264,
      "Recall": 0.9948104693140795,
      "F1-Score": 0.9970720211385791,
      "ROC-AUC": 0.9997664826866105,
      "Average Precision": 0.9989386584552711
    }
  ]
}